week_id,week_start,total_import,total_export,total_portcalls,portcalls_container,portcalls_tanker,portcalls_dry_bulk,portcalls_roro,portcalls_general,import_container,import_tanker,import_dry_bulk,days_with_data,wait_avg_hours,wait_median_hours,wait_ship_count,turnaround_avg_hours,turnaround_median_hours,turnaround_ship_count,next_week_wait,congestion_next_week
2019-W01,2018-12-31,518968,10009,17,6,6,5,0,0,52224,257568,209176,6,41.14,24.0,14.0,82.67,72.0,9.0,41.14,0
2019-W02,2019-01-07,556906,16083,27,11,6,8,2,0,115433,136903,303591,7,41.14,24.0,14.0,82.67,72.0,9.0,41.14,0
2019-W03,2019-01-14,379268,12949,26,10,5,3,6,2,134488,112431,122950,7,41.14,24.0,14.0,82.67,72.0,9.0,56.0,1
2019-W04,2019-01-21,353303,74210,24,14,4,3,2,1,125810,180843,39238,7,56.0,48.0,3.0,24.0,24.0,1.0,56.0,1
2019-W05,2019-01-28,340960,62032,19,9,3,5,1,1,95952,149258,87310,7,56.0,48.0,3.0,24.0,24.0,1.0,40.0,0
2019-W06,2019-02-04,385233,41549,26,16,4,3,2,1,123496,136744,121887,7,40.0,48.0,3.0,24.0,24.0,1.0,40.0,0
2019-W07,2019-02-11,527087,12537,25,9,5,5,4,2,98113,219396,200584,7,40.0,48.0,3.0,24.0,24.0,1.0,40.0,0
2019-W08,2019-02-18,507941,4431,30,10,6,7,4,3,105356,185984,210380,7,40.0,48.0,3.0,24.0,24.0,1.0,40.0,0
2019-W09,2019-02-25,410128,12187,24,8,6,4,4,2,42422,227582,129564,7,40.0,48.0,3.0,144.0,144.0,2.0,40.0,0
2019-W10,2019-03-04,416835,1153,21,9,4,4,2,2,88046,164959,159014,7,40.0,48.0,3.0,144.0,144.0,2.0,38.4,0
2019-W11,2019-03-11,514694,16947,29,11,6,6,4,2,88028,170406,251366,7,38.4,24.0,5.0,84.0,84.0,6.0,24.0,0
2019-W12,2019-03-18,485577,13400,28,11,4,7,4,2,89987,206712,185024,7,24.0,24.0,2.0,48.0,48.0,5.0,24.0,0
2019-W13,2019-03-25,323051,8462,23,11,4,3,2,3,100847,158414,52833,7,24.0,24.0,1.0,48.0,48.0,2.0,24.0,0
2019-W14,2019-04-01,471368,1738,25,11,5,6,2,1,120639,153124,191675,7,24.0,24.0,1.0,48.0,48.0,2.0,32.0,0
2019-W15,2019-04-08,416646,25285,23,9,2,7,4,1,85111,114647,210203,7,32.0,24.0,3.0,66.0,72.0,4.0,24.0,0
2019-W16,2019-04-15,509388,4595,24,10,6,5,3,0,93234,230727,183885,7,24.0,24.0,3.0,53.54,48.0,13.0,28.0,0
2019-W17,2019-04-22,457411,12564,25,8,4,7,3,3,78983,186830,180248,7,28.0,24.0,6.0,91.2,96.0,5.0,36.0,0
2019-W18,2019-04-29,236663,45031,28,9,5,6,5,3,76767,75926,72045,7,36.0,36.0,4.0,76.8,72.0,10.0,24.0,0
2019-W19,2019-05-06,417586,8428,20,6,6,5,1,2,68424,214656,127305,7,24.0,24.0,2.0,32.0,24.0,12.0,24.0,0
2019-W20,2019-05-13,477471,20185,30,16,4,4,3,3,134118,183463,150445,7,24.0,24.0,2.0,32.0,24.0,12.0,30.0,0
2019-W21,2019-05-20,395792,8329,27,7,6,5,7,2,106159,138607,139433,7,30.0,24.0,4.0,72.0,72.0,1.0,36.0,0
2019-W22,2019-05-27,544526,17475,27,12,9,3,0,3,87062,311281,144052,7,36.0,36.0,2.0,72.0,72.0,1.0,36.0,0
2019-W23,2019-06-03,417409,24470,29,12,5,7,4,1,101652,112258,195309,7,36.0,36.0,2.0,72.0,72.0,1.0,24.0,0
2019-W24,2019-06-10,510229,28455,32,10,5,8,6,3,79266,180466,235287,7,24.0,24.0,3.0,53.33,48.0,9.0,32.0,0
2019-W25,2019-06-17,487332,24631,22,8,8,3,3,0,101359,369344,15144,7,32.0,24.0,3.0,66.0,72.0,8.0,32.0,0
2019-W26,2019-06-24,390994,2542,24,10,4,6,3,1,92936,166398,126502,7,32.0,24.0,3.0,66.0,72.0,8.0,32.0,0
2019-W27,2019-07-01,471766,10255,26,13,6,2,2,3,131193,251161,77015,7,32.0,24.0,3.0,66.0,72.0,8.0,24.0,0
2019-W28,2019-07-08,386183,11335,23,8,2,5,4,4,79757,105219,190920,7,24.0,24.0,1.0,58.29,48.0,7.0,48.0,0
2019-W29,2019-07-15,220737,24707,26,10,6,1,5,4,62266,151864,0,7,48.0,48.0,1.0,72.0,72.0,5.0,48.0,0
2019-W30,2019-07-22,241877,76549,26,11,5,2,5,3,81718,135163,20901,7,48.0,48.0,1.0,72.0,72.0,5.0,48.0,0
2019-W31,2019-07-29,453088,10522,28,11,5,6,3,3,76939,199799,169654,7,48.0,48.0,1.0,72.0,72.0,5.0,24.0,0
2019-W32,2019-08-05,515756,69228,31,10,6,5,3,7,105256,223724,152728,7,24.0,24.0,2.0,64.0,72.0,3.0,39.0,0
2019-W33,2019-08-12,808895,8723,31,9,8,9,4,1,89222,401628,310775,7,39.0,36.0,8.0,85.33,96.0,9.0,28.0,0
2019-W34,2019-08-19,404635,58045,32,12,7,6,4,3,113315,139353,136846,7,28.0,24.0,6.0,54.0,48.0,4.0,28.0,0
2019-W35,2019-08-26,507779,72949,30,11,7,4,5,3,102673,266072,134510,7,28.0,24.0,6.0,24.0,24.0,1.0,28.0,0
2019-W36,2019-09-02,551700,26464,29,13,3,6,2,5,114363,163202,256624,7,28.0,24.0,6.0,24.0,24.0,1.0,28.0,0
2019-W37,2019-09-09,664944,10394,27,6,6,8,5,2,41387,337339,284291,7,28.0,24.0,6.0,24.0,24.0,1.0,28.0,0
2019-W38,2019-09-16,495143,30305,26,10,6,3,3,4,80337,268343,130378,7,28.0,24.0,6.0,24.0,24.0,1.0,28.0,0
2019-W39,2019-09-23,444746,28612,27,10,6,5,3,3,88424,246360,98074,7,28.0,24.0,6.0,24.0,24.0,1.0,28.0,0
2019-W40,2019-09-30,325513,7096,27,12,2,4,3,6,116304,75399,103307,7,28.0,24.0,6.0,24.0,24.0,1.0,28.0,0
2019-W41,2019-10-07,533057,16854,30,9,5,9,3,4,71754,121687,320624,7,28.0,24.0,6.0,120.0,120.0,1.0,61.71,1
2019-W42,2019-10-14,394779,11394,29,9,5,7,4,4,70238,148087,165150,7,61.71,48.0,7.0,81.6,96.0,5.0,28.0,0
2019-W43,2019-10-21,622623,14982,27,9,7,6,4,1,107046,308439,198552,7,28.0,24.0,6.0,68.0,72.0,6.0,36.0,0
2019-W44,2019-10-28,508319,71521,28,11,4,9,3,1,89142,256446,159573,7,36.0,36.0,2.0,72.0,72.0,1.0,36.0,0
2019-W45,2019-11-04,493973,5223,27,7,7,5,3,5,85100,238347,147830,7,36.0,36.0,2.0,72.0,72.0,1.0,38.4,0
2019-W46,2019-11-11,472562,6239,30,10,5,7,2,6,121724,128383,212800,7,38.4,24.0,5.0,67.2,72.0,5.0,38.4,0
2019-W47,2019-11-18,430437,14368,34,11,9,5,6,3,120411,144857,144012,7,38.4,24.0,5.0,48.0,48.0,2.0,24.0,0
2019-W48,2019-11-25,650974,16895,31,10,8,6,3,4,114699,343828,177132,7,24.0,24.0,1.0,48.0,48.0,2.0,24.0,0
2019-W49,2019-12-02,338476,11760,26,14,3,3,1,5,108819,89927,127997,7,24.0,24.0,1.0,48.0,48.0,2.0,48.0,0
2019-W50,2019-12-09,536232,17095,26,10,7,4,3,2,116857,272524,139842,7,48.0,48.0,3.0,78.0,72.0,4.0,39.0,0
2019-W51,2019-12-16,394936,64681,29,11,9,3,3,3,101780,242866,42959,7,39.0,24.0,8.0,61.71,72.0,7.0,24.0,0
2019-W52,2019-12-23,505489,9410,23,5,6,6,3,3,39524,247285,207920,7,24.0,24.0,2.0,60.0,60.0,4.0,24.0,0
2020-W01,2019-12-30,411742,4988,24,9,4,7,1,3,119619,182808,106208,7,24.0,24.0,2.0,60.0,60.0,4.0,24.0,0
2020-W02,2020-01-06,431620,54738,22,7,5,6,3,1,93323,215391,120357,7,24.0,24.0,2.0,60.0,60.0,4.0,24.0,0
2020-W03,2020-01-13,606740,7850,30,14,7,5,3,1,184537,286538,133023,7,24.0,24.0,2.0,60.0,60.0,4.0,24.0,0
2020-W04,2020-01-20,497075,4104,23,9,3,4,5,2,112626,200789,172502,7,24.0,24.0,2.0,60.0,60.0,4.0,24.0,0
2020-W05,2020-01-27,543250,14041,31,10,6,12,1,2,121693,131287,289754,7,24.0,24.0,2.0,60.0,60.0,4.0,24.0,0
2020-W06,2020-02-03,570659,63132,32,10,8,8,2,4,101055,272170,189199,7,24.0,24.0,2.0,60.0,60.0,4.0,37.71,0
2020-W07,2020-02-10,566419,4520,28,10,9,5,1,3,82650,292731,179103,7,37.71,24.0,7.0,90.0,96.0,4.0,44.0,0
2020-W08,2020-02-17,475167,5418,29,10,5,6,5,3,91956,213227,168522,7,44.0,48.0,6.0,80.0,72.0,3.0,24.0,0
2020-W09,2020-02-24,393518,8930,23,8,5,5,2,3,50085,226409,116266,7,24.0,24.0,1.0,80.0,72.0,3.0,24.0,0
2020-W10,2020-03-02,416227,23876,27,8,7,7,1,4,91176,196763,122439,7,24.0,24.0,1.0,80.0,72.0,3.0,37.71,0
2020-W11,2020-03-09,395091,8655,27,8,6,6,4,3,67056,148942,173895,7,37.71,24.0,7.0,72.0,72.0,7.0,72.0,1
2020-W12,2020-03-16,223266,11551,24,10,4,3,4,3,81681,47269,88139,7,72.0,72.0,1.0,56.0,48.0,6.0,24.0,0
2020-W13,2020-03-23,356457,62551,27,8,4,6,3,6,65441,84301,194954,7,24.0,24.0,2.0,48.0,48.0,5.0,24.0,0
2020-W14,2020-03-30,520752,7591,25,8,7,8,2,0,79221,237235,204293,7,24.0,24.0,2.0,48.0,48.0,5.0,40.0,0
2020-W15,2020-04-06,506828,10153,23,12,7,3,0,1,115000,304028,87798,7,40.0,24.0,3.0,78.0,84.0,4.0,40.0,0
2020-W16,2020-04-13,321220,9606,24,9,4,3,3,5,112882,126850,74586,7,40.0,24.0,3.0,24.0,24.0,1.0,24.0,0
2020-W17,2020-04-20,396407,6006,25,8,5,8,2,2,71100,83341,236843,7,24.0,24.0,2.0,54.0,48.0,8.0,24.0,0
2020-W18,2020-04-27,250627,8014,20,8,4,4,3,1,82901,74703,86739,7,24.0,24.0,2.0,54.0,48.0,8.0,48.0,0
2020-W19,2020-05-04,346950,1640,19,5,2,5,3,4,46274,122291,170220,7,48.0,48.0,1.0,24.0,24.0,1.0,48.0,0
2020-W20,2020-05-11,375496,31062,26,10,5,8,0,3,94864,40982,237520,7,48.0,48.0,1.0,120.0,120.0,1.0,39.0,0
2020-W21,2020-05-18,176090,13959,24,10,3,5,3,3,74534,27394,66834,7,39.0,36.0,8.0,68.57,72.0,7.0,24.0,0
2020-W22,2020-05-25,376193,64448,25,8,7,5,2,3,84800,197106,85809,7,24.0,24.0,1.0,36.0,36.0,2.0,24.0,0
2020-W23,2020-06-01,582192,19987,32,10,9,6,2,5,103060,248084,222670,7,24.0,24.0,1.0,36.0,36.0,2.0,32.0,0
2020-W24,2020-06-08,488736,4594,25,8,5,5,2,5,107927,173553,171726,7,32.0,24.0,6.0,66.0,60.0,8.0,72.0,1
2020-W25,2020-06-15,295108,53075,24,12,2,4,3,3,107038,88605,94786,7,72.0,96.0,3.0,57.6,24.0,5.0,38.4,0
2020-W26,2020-06-22,456686,53976,23,9,6,6,0,2,71513,222528,160514,7,38.4,48.0,5.0,51.43,48.0,7.0,72.0,1
2020-W27,2020-06-29,500782,25658,27,8,7,7,3,2,69312,235889,182570,7,72.0,72.0,1.0,51.43,48.0,7.0,42.0,0
2020-W28,2020-07-06,230449,39178,22,8,3,4,3,4,97940,40659,82549,7,42.0,36.0,4.0,38.4,48.0,5.0,37.71,0
2020-W29,2020-07-13,379478,14332,26,13,5,4,0,4,119392,136102,99402,7,37.71,24.0,7.0,72.0,60.0,4.0,41.14,0
2020-W30,2020-07-20,266993,23855,23,9,6,3,3,2,83515,160502,18629,7,41.14,24.0,7.0,52.0,36.0,6.0,41.14,0
2020-W31,2020-07-27,478130,3993,33,11,5,8,3,6,101991,127047,225444,7,41.14,24.0,7.0,61.71,72.0,7.0,72.0,1
2020-W32,2020-08-03,400387,8624,28,11,9,4,3,1,94370,162179,134833,7,72.0,72.0,1.0,64.0,60.0,6.0,33.6,0
2020-W33,2020-08-10,382305,14445,26,8,9,5,1,3,53102,128546,190381,7,33.6,24.0,5.0,72.0,60.0,8.0,36.0,0
2020-W34,2020-08-17,560949,8076,29,11,5,5,2,6,110276,214819,224127,7,36.0,24.0,4.0,78.0,60.0,4.0,51.43,0
2020-W35,2020-08-24,529325,12885,30,8,9,6,5,2,62927,290987,155601,7,51.43,48.0,7.0,81.6,72.0,5.0,51.43,0
2020-W36,2020-08-31,503345,6836,23,8,8,4,0,3,66332,311404,110607,7,51.43,48.0,7.0,81.6,72.0,5.0,51.43,0
2020-W37,2020-09-07,509805,1785,27,10,4,8,3,2,134845,137816,230436,7,51.43,48.0,7.0,81.6,72.0,5.0,51.43,0
2020-W38,2020-09-14,483665,96056,34,10,5,10,4,5,106890,180214,185811,7,51.43,48.0,7.0,81.6,72.0,5.0,51.43,0
2020-W39,2020-09-21,635309,7505,35,11,7,8,2,7,133733,245609,242446,7,51.43,48.0,7.0,81.6,72.0,5.0,72.0,1
2020-W40,2020-09-28,519853,12767,28,12,5,7,2,2,88609,179236,240866,7,72.0,72.0,2.0,132.0,132.0,2.0,38.4,0
2020-W41,2020-10-05,481719,14067,27,9,6,6,3,3,86470,170141,214511,7,38.4,48.0,5.0,78.86,96.0,7.0,30.0,0
2020-W42,2020-10-12,572606,5570,34,8,8,6,5,7,89393,259598,174108,7,30.0,24.0,8.0,60.0,60.0,8.0,24.0,0
2020-W43,2020-10-19,662497,4419,28,12,7,5,1,3,153563,332735,145425,7,24.0,24.0,1.0,66.0,48.0,4.0,24.0,0
2020-W44,2020-10-26,428164,15821,28,9,5,8,3,3,50430,156672,200210,7,24.0,24.0,1.0,66.0,48.0,4.0,27.43,0
2020-W45,2020-11-02,624832,7961,25,7,9,5,4,0,78930,367038,176304,7,27.43,24.0,7.0,59.08,48.0,13.0,33.6,0
2020-W46,2020-11-09,541958,9699,35,13,7,6,5,4,125377,213060,180965,7,33.6,24.0,5.0,72.0,72.0,4.0,38.4,0
2020-W47,2020-11-16,277035,2605,17,7,3,2,2,3,71219,132121,64802,7,38.4,24.0,5.0,72.0,72.0,7.0,32.0,0
2020-W48,2020-11-23,669030,6327,29,9,10,7,1,2,88263,443670,133080,7,32.0,24.0,3.0,72.0,72.0,4.0,24.0,0
2020-W49,2020-11-30,536294,112801,31,11,1,11,4,4,120332,91410,313373,7,24.0,24.0,2.0,48.0,48.0,7.0,24.0,0
2020-W50,2020-12-07,606562,23051,30,12,8,5,2,3,141430,290728,166567,7,24.0,24.0,2.0,48.0,48.0,7.0,24.0,0
2020-W51,2020-12-14,408460,13759,26,9,6,5,5,1,52585,203531,143657,7,24.0,24.0,2.0,78.0,84.0,8.0,30.0,0
2020-W52,2020-12-21,267766,9580,22,8,4,1,2,7,71086,126861,47342,7,30.0,24.0,4.0,68.0,72.0,6.0,24.0,0
2020-W53,2020-12-28,906204,30620,47,17,9,13,3,5,175772,322130,385027,7,24.0,24.0,1.0,72.0,72.0,1.0,54.86,1
2021-W01,2021-01-04,614709,7912,26,7,7,9,1,2,80476,180219,351882,7,54.86,48.0,7.0,84.0,72.0,6.0,84.0,1
2021-W02,2021-01-11,590961,64928,28,12,6,5,1,4,85932,309205,190857,7,84.0,60.0,4.0,72.0,96.0,3.0,36.0,0
2021-W03,2021-01-18,471491,66153,26,9,4,7,2,4,92423,252078,119244,7,36.0,24.0,4.0,52.8,48.0,5.0,24.0,0
2021-W04,2021-01-25,387222,45962,26,7,8,5,2,4,74691,195115,113616,7,24.0,24.0,2.0,88.0,96.0,3.0,36.0,0
2021-W05,2021-02-01,466236,52547,29,10,7,5,3,4,89624,258011,114532,7,36.0,36.0,2.0,66.0,60.0,4.0,24.0,0
2021-W06,2021-02-08,583934,11194,28,11,6,7,1,3,112977,183141,270594,7,24.0,24.0,4.0,54.86,48.0,7.0,32.0,0
2021-W07,2021-02-15,517912,75547,29,9,4,8,4,4,114783,197756,199049,7,32.0,24.0,6.0,74.67,72.0,9.0,28.8,0
2021-W08,2021-02-22,634348,24369,32,7,7,10,2,6,108629,182681,338949,7,28.8,24.0,5.0,67.2,60.0,10.0,24.0,0
2021-W09,2021-03-01,479819,22477,22,8,5,6,1,2,105207,164182,208585,7,24.0,24.0,8.0,57.6,48.0,15.0,24.0,0
2021-W10,2021-03-08,503516,28735,29,8,5,7,5,4,68166,209998,222042,7,24.0,24.0,10.0,58.5,48.0,16.0,24.0,0
2021-W11,2021-03-15,469681,10941,28,11,4,5,4,4,137534,141393,176848,7,24.0,24.0,12.0,70.67,72.0,18.0,24.0,0
2021-W12,2021-03-22,334881,10892,29,8,6,6,4,5,65704,114106,147322,7,24.0,24.0,5.0,62.4,48.0,10.0,24.0,0
2021-W13,2021-03-29,607302,15198,33,8,6,9,2,8,74876,234660,265989,7,24.0,24.0,5.0,44.0,48.0,6.0,31.2,0
2021-W14,2021-04-05,483622,12166,30,10,6,6,2,6,99824,172525,207014,7,31.2,24.0,10.0,61.33,72.0,9.0,30.0,0
2021-W15,2021-04-12,589466,7274,31,10,6,8,4,3,111441,233461,236388,7,30.0,24.0,4.0,67.2,72.0,5.0,27.0,0
2021-W16,2021-04-19,333705,16985,28,7,8,2,3,8,70015,208105,50389,7,27.0,24.0,8.0,76.0,72.0,6.0,24.0,0
2021-W17,2021-04-26,577610,4593,27,9,4,6,4,4,89096,249320,229160,7,24.0,24.0,4.0,76.8,72.0,5.0,24.0,0
2021-W18,2021-05-03,525095,12877,30,8,6,9,4,3,50837,145949,319394,7,24.0,24.0,3.0,64.0,60.0,6.0,32.0,0
2021-W19,2021-05-10,405047,4749,21,5,6,6,0,4,39353,186306,174610,7,32.0,24.0,3.0,68.57,72.0,7.0,24.0,0
2021-W20,2021-05-17,511945,67504,34,11,8,5,3,7,138436,237997,114781,7,24.0,24.0,5.0,45.33,48.0,9.0,24.0,0
2021-W21,2021-05-24,598180,44026,34,7,8,9,5,5,65490,324382,203700,7,24.0,24.0,2.0,40.0,24.0,6.0,24.0,0
2021-W22,2021-05-31,559799,15811,27,6,4,8,2,7,75810,178247,294241,7,24.0,24.0,2.0,40.0,24.0,6.0,24.0,0
2021-W23,2021-06-07,250443,14510,26,11,0,6,2,7,124327,0,100838,7,24.0,24.0,2.0,40.0,24.0,6.0,37.33,0
2021-W24,2021-06-14,604378,8437,27,7,7,8,3,2,78775,222680,297135,7,37.33,24.0,9.0,81.6,72.0,10.0,32.0,0
2021-W25,2021-06-21,396232,42713,22,8,5,4,3,2,67180,183286,142609,7,32.0,24.0,6.0,96.0,84.0,4.0,24.0,0
2021-W26,2021-06-28,449108,12632,26,8,4,5,4,5,88734,165965,184492,7,24.0,24.0,4.0,68.0,72.0,6.0,24.0,0
2021-W27,2021-07-05,357332,3483,19,6,4,4,1,4,54255,160035,123859,7,24.0,24.0,4.0,68.0,72.0,6.0,24.0,0
2021-W28,2021-07-12,500327,7960,34,11,7,7,4,5,82778,313417,92130,7,24.0,24.0,6.0,60.0,60.0,8.0,24.0,0
2021-W29,2021-07-19,434204,22724,26,9,5,8,3,1,100308,162693,165016,7,24.0,24.0,6.0,60.0,60.0,8.0,24.0,0
2021-W30,2021-07-26,323816,10586,23,7,5,2,3,6,44473,181318,82696,7,24.0,24.0,1.0,48.0,48.0,8.0,24.0,0
2021-W31,2021-08-02,212392,9403,25,8,7,2,3,5,67757,45207,86355,7,24.0,24.0,3.0,54.0,60.0,4.0,51.43,0
2021-W32,2021-08-09,371580,49077,28,10,7,3,5,3,96379,187618,68110,7,51.43,48.0,7.0,88.0,84.0,6.0,51.43,0
2021-W33,2021-08-16,471966,5652,21,7,4,7,1,2,64688,159342,243677,7,51.43,48.0,7.0,88.0,84.0,6.0,48.0,0
2021-W34,2021-08-23,608527,43118,29,9,8,7,2,3,77160,305546,222246,7,48.0,36.0,4.0,91.2,96.0,5.0,51.43,0
2021-W35,2021-08-30,468661,10835,24,9,7,3,3,2,110576,290360,58811,7,51.43,24.0,7.0,76.0,72.0,6.0,86.4,1
2021-W36,2021-09-06,304540,44698,27,13,7,2,5,0,128395,141402,20928,7,86.4,72.0,5.0,72.0,84.0,4.0,86.4,1
2021-W37,2021-09-13,288117,55031,18,6,2,4,4,2,82335,116962,86769,7,86.4,72.0,5.0,72.0,84.0,4.0,86.4,1
2021-W38,2021-09-20,651528,11027,29,7,6,10,3,3,43072,265110,336361,7,86.4,72.0,5.0,72.0,84.0,4.0,86.4,1
2021-W39,2021-09-27,455087,6332,26,7,7,6,1,5,42516,231171,162367,7,86.4,72.0,5.0,72.0,84.0,4.0,65.14,1
2021-W40,2021-10-04,349890,3191,22,7,5,5,3,2,54948,201943,90869,7,65.14,72.0,7.0,78.0,60.0,4.0,65.14,1
2021-W41,2021-10-11,524965,65085,29,12,5,7,2,3,125266,156143,235863,7,65.14,72.0,7.0,78.0,60.0,4.0,54.0,1
2021-W42,2021-10-18,392906,10108,23,9,7,3,3,1,84763,185139,117460,7,54.0,36.0,4.0,120.0,120.0,1.0,48.0,0
2021-W43,2021-10-25,412605,9957,24,7,8,4,3,2,36703,251904,117846,7,48.0,48.0,1.0,96.0,96.0,1.0,84.0,1
2021-W44,2021-11-01,367249,11292,29,10,4,6,7,2,159444,63305,126424,7,84.0,72.0,4.0,48.0,48.0,1.0,42.0,0
2021-W45,2021-11-08,525194,59752,25,9,7,6,1,2,73767,278969,160123,7,42.0,36.0,4.0,48.0,48.0,1.0,57.0,1
2021-W46,2021-11-15,431179,21722,25,4,8,3,6,4,39580,247425,139690,7,57.0,48.0,8.0,102.0,108.0,4.0,36.0,0
2021-W47,2021-11-22,316682,6690,22,11,5,3,2,1,86943,161012,63388,7,36.0,36.0,4.0,91.2,96.0,5.0,24.0,0
2021-W48,2021-11-29,470832,7602,31,11,7,3,5,5,112663,255209,92856,7,24.0,24.0,4.0,48.0,48.0,2.0,36.0,0
2021-W49,2021-12-06,321332,3017,28,9,9,4,4,2,76347,167838,73680,7,36.0,36.0,4.0,60.0,60.0,4.0,24.0,0
2021-W50,2021-12-13,258932,9975,20,9,4,4,2,1,85279,87257,82047,7,24.0,24.0,4.0,60.0,60.0,8.0,36.0,0
2021-W51,2021-12-20,430186,58753,24,7,8,5,3,1,56986,307830,61346,7,36.0,36.0,2.0,67.2,72.0,5.0,36.0,0
2021-W52,2021-12-27,283867,2929,19,5,4,5,2,3,112412,93298,67204,7,36.0,36.0,2.0,67.2,72.0,5.0,39.0,0
2022-W01,2022-01-03,411083,10666,26,10,4,5,5,2,74443,218039,112445,7,39.0,24.0,8.0,72.0,72.0,7.0,39.0,0
2022-W02,2022-01-10,330627,28559,20,10,3,6,0,1,113906,75686,141032,7,39.0,24.0,8.0,72.0,72.0,7.0,24.0,0
2022-W03,2022-01-17,698843,16602,31,7,9,8,4,3,71175,351317,261669,7,24.0,24.0,2.0,65.14,72.0,7.0,24.0,0
2022-W04,2022-01-24,411065,4684,20,3,7,4,2,4,35380,302043,65270,7,24.0,24.0,2.0,36.0,24.0,4.0,24.0,0
2022-W05,2022-01-31,371488,9290,21,13,2,3,2,1,103443,129293,138749,7,24.0,24.0,2.0,36.0,24.0,4.0,24.0,0
2022-W06,2022-02-07,524847,12370,25,10,7,5,1,2,147448,244119,129020,7,24.0,24.0,2.0,36.0,24.0,4.0,24.0,0
2022-W07,2022-02-14,461628,7215,25,9,7,4,3,2,72851,235717,146923,7,24.0,24.0,2.0,36.0,24.0,4.0,24.0,0
2022-W08,2022-02-21,223940,7846,26,9,6,4,5,2,85836,66139,69320,7,24.0,24.0,2.0,36.0,36.0,2.0,42.0,0
2022-W09,2022-02-28,388684,110176,23,5,7,7,1,3,32732,197436,152002,7,42.0,48.0,4.0,81.6,72.0,5.0,27.43,0
2022-W10,2022-03-07,475592,11956,25,9,5,8,2,1,72850,132804,265026,7,27.43,24.0,7.0,66.0,72.0,8.0,27.43,0
2022-W11,2022-03-14,639518,31743,31,8,9,7,4,3,138639,270080,222702,7,27.43,24.0,7.0,42.0,48.0,4.0,27.43,0
2022-W12,2022-03-21,380045,36665,27,11,9,6,1,0,104276,190493,83732,7,27.43,24.0,7.0,42.0,48.0,4.0,30.0,0
2022-W13,2022-03-28,584404,10555,28,8,7,8,2,3,60715,267869,253691,7,30.0,24.0,4.0,72.0,72.0,8.0,24.0,0
2022-W14,2022-04-04,476277,12667,28,7,8,6,2,5,88280,209068,155325,7,24.0,24.0,1.0,44.0,36.0,6.0,43.2,0
2022-W15,2022-04-11,451742,6269,18,8,3,5,2,0,76771,123353,248184,7,43.2,24.0,5.0,60.92,48.0,13.0,24.0,0
2022-W16,2022-04-18,418966,19490,28,8,7,5,3,5,89120,202230,119358,7,24.0,24.0,2.0,60.0,60.0,8.0,24.0,0
2022-W17,2022-04-25,537088,14413,24,7,4,7,3,3,70942,201675,258700,7,24.0,24.0,2.0,60.0,60.0,8.0,24.0,0
2022-W18,2022-05-02,472046,6346,26,7,7,4,3,5,73649,263839,119568,7,24.0,24.0,2.0,60.0,60.0,8.0,29.33,0
2022-W19,2022-05-09,516222,48336,21,7,7,6,0,1,64924,257291,194005,7,29.33,24.0,9.0,82.67,72.0,9.0,29.33,0
2022-W20,2022-05-16,579726,2743,29,10,8,5,5,1,128206,223685,219262,7,29.33,24.0,9.0,82.67,72.0,9.0,29.33,0
2022-W21,2022-05-23,480983,24365,27,9,7,6,2,3,61782,181604,233339,7,29.33,24.0,9.0,82.67,72.0,9.0,29.33,0
2022-W22,2022-05-30,416318,85580,24,7,5,7,3,2,38452,230405,135189,7,29.33,24.0,9.0,82.67,72.0,9.0,29.33,0
2022-W23,2022-06-06,345700,4294,18,7,4,3,2,2,88888,146142,110668,7,29.33,24.0,9.0,82.67,72.0,9.0,29.33,0
2022-W24,2022-06-13,591831,22766,27,9,5,7,3,3,70162,289025,222121,7,29.33,24.0,9.0,82.67,72.0,9.0,29.33,0
2022-W25,2022-06-20,641989,7698,27,9,6,8,3,1,99793,204437,329822,7,29.33,24.0,9.0,82.67,72.0,9.0,24.0,0
2022-W26,2022-06-27,228378,4058,15,4,3,5,1,2,53253,41605,131992,7,24.0,24.0,2.0,81.6,96.0,5.0,48.0,0
2022-W27,2022-07-04,331043,9430,29,9,9,4,4,3,82185,188584,50490,7,48.0,48.0,1.0,58.67,72.0,9.0,45.33,0
2022-W28,2022-07-11,693425,3754,28,8,9,6,2,3,73529,389320,220744,7,45.33,48.0,9.0,80.57,72.0,14.0,40.0,0
2022-W29,2022-07-18,404995,7897,23,5,7,6,4,1,24465,178826,193824,7,40.0,48.0,3.0,72.0,72.0,9.0,48.0,0
2022-W30,2022-07-25,454787,10271,22,10,4,6,1,1,84745,230450,139589,7,48.0,24.0,5.0,74.18,72.0,11.0,24.0,0
2022-W31,2022-08-01,222264,1044,21,4,6,3,5,3,50410,93040,42254,7,24.0,24.0,7.0,67.64,72.0,11.0,24.0,0
2022-W32,2022-08-08,460248,4647,24,10,5,6,1,2,115542,177794,163062,7,24.0,24.0,2.0,54.0,48.0,8.0,24.0,0
2022-W33,2022-08-15,470271,6259,23,7,6,5,3,2,86623,245267,115498,7,24.0,24.0,2.0,60.0,60.0,12.0,56.73,1
2022-W34,2022-08-22,251518,42355,28,9,7,6,2,4,110158,105989,20051,7,56.73,48.0,11.0,108.0,108.0,14.0,46.0,0
2022-W35,2022-08-29,410313,54217,21,9,5,4,1,2,64969,273340,65062,7,46.0,24.0,12.0,81.23,96.0,13.0,24.0,0
2022-W36,2022-09-05,253517,19590,25,11,4,7,1,2,58022,78014,115289,7,24.0,24.0,3.0,72.0,72.0,7.0,30.86,0
2022-W37,2022-09-12,577942,10722,29,8,8,6,5,2,59729,308102,204836,7,30.86,24.0,7.0,78.55,72.0,11.0,40.0,0
2022-W38,2022-09-19,522912,4946,22,8,5,5,0,4,67963,255385,193228,7,40.0,24.0,6.0,96.0,108.0,8.0,64.0,1
2022-W39,2022-09-26,385202,49566,26,6,7,4,3,6,44385,225623,96848,7,64.0,72.0,3.0,89.14,72.0,7.0,54.86,1
2022-W40,2022-10-03,361277,12163,28,13,4,5,1,5,86756,99945,162169,7,54.86,48.0,7.0,82.0,72.0,12.0,48.0,0
2022-W41,2022-10-10,564909,8276,26,8,7,4,3,4,81469,318490,149712,7,48.0,24.0,3.0,67.2,60.0,10.0,24.0,0
2022-W42,2022-10-17,331934,1750,19,6,5,3,2,3,69993,176448,76157,7,24.0,24.0,2.0,58.67,48.0,9.0,30.0,0
2022-W43,2022-10-24,529375,13441,24,9,5,6,1,3,44755,305333,171395,7,30.0,24.0,4.0,68.0,72.0,6.0,33.6,0
2022-W44,2022-10-31,330213,28744,26,8,10,3,2,3,79007,165943,76624,7,33.6,24.0,10.0,78.86,72.0,14.0,38.4,0
2022-W45,2022-11-07,399847,62657,29,10,5,6,4,4,57142,175472,157140,7,38.4,24.0,5.0,81.6,60.0,10.0,30.0,0
2022-W46,2022-11-14,478203,3669,29,12,4,7,4,2,105866,84201,286983,7,30.0,24.0,4.0,67.64,48.0,11.0,32.0,0
2022-W47,2022-11-21,371811,6710,25,8,6,6,0,5,58831,129218,165711,7,32.0,24.0,3.0,72.0,72.0,7.0,48.0,0
2022-W48,2022-11-28,488669,13060,27,12,6,4,3,2,109989,247604,115393,7,48.0,48.0,1.0,41.14,24.0,7.0,27.43,0
2022-W49,2022-12-05,422826,6549,26,10,5,3,2,6,131637,195405,87381,7,27.43,24.0,7.0,84.92,72.0,13.0,88.0,1
2022-W50,2022-12-12,339657,44690,28,12,4,4,3,5,112478,132968,80470,7,88.0,96.0,12.0,100.0,84.0,6.0,76.0,1
2022-W51,2022-12-19,554804,9468,23,10,4,5,2,2,115729,275514,155869,7,76.0,60.0,6.0,112.0,96.0,3.0,60.0,1
2022-W52,2022-12-26,226413,40410,20,11,4,1,0,4,93156,52982,62218,7,60.0,72.0,8.0,105.0,108.0,8.0,48.0,0
2023-W01,2023-01-02,572360,20501,33,15,6,5,3,4,126507,222604,216382,7,48.0,36.0,8.0,106.67,96.0,9.0,54.0,1
2023-W02,2023-01-09,430356,30415,32,15,7,6,1,3,132948,129854,167549,7,54.0,48.0,4.0,96.0,96.0,9.0,54.0,1
2023-W03,2023-01-16,372539,21734,28,15,4,6,2,1,99056,125688,146765,7,54.0,48.0,4.0,98.67,96.0,9.0,24.0,0
2023-W04,2023-01-23,563858,2505,27,11,6,6,1,3,93101,322145,139197,7,24.0,24.0,2.0,80.0,96.0,6.0,39.0,0
2023-W05,2023-01-30,400691,13678,24,10,3,6,2,3,50519,136797,195344,7,39.0,36.0,8.0,69.33,72.0,9.0,58.29,1
2023-W06,2023-02-06,374234,36893,27,12,5,5,1,4,126740,138140,105285,7,58.29,48.0,7.0,85.71,72.0,7.0,93.6,1
2023-W07,2023-02-13,270525,9673,25,11,5,3,2,4,94878,86686,84702,7,93.6,108.0,10.0,115.2,120.0,5.0,62.4,1
2023-W08,2023-02-20,586605,9689,32,15,6,6,2,3,126223,232634,216132,7,62.4,48.0,5.0,54.0,60.0,4.0,62.4,1
2023-W09,2023-02-27,348892,85375,34,17,3,10,1,3,126129,139021,79485,7,62.4,48.0,5.0,54.0,60.0,4.0,36.0,0
2023-W10,2023-03-06,422301,2498,28,12,5,5,4,2,83339,181064,154619,7,36.0,36.0,4.0,86.4,96.0,10.0,28.0,0
2023-W11,2023-03-13,594313,23574,31,14,4,8,3,2,170607,153436,267966,7,28.0,24.0,6.0,68.0,72.0,12.0,24.0,0
2023-W12,2023-03-20,434387,17046,27,12,5,5,1,4,101795,229968,91922,7,24.0,24.0,3.0,81.0,84.0,8.0,66.0,1
2023-W13,2023-03-27,593509,24472,33,12,6,9,2,4,103430,229773,255102,7,66.0,36.0,4.0,90.67,96.0,9.0,32.0,0
2023-W14,2023-04-03,367602,32390,26,13,6,2,1,4,110966,181944,48550,7,32.0,24.0,3.0,80.0,72.0,9.0,32.0,0
2023-W15,2023-04-10,641028,6188,30,15,7,5,0,3,158243,292621,182451,7,32.0,24.0,3.0,24.0,24.0,1.0,24.0,0
2023-W16,2023-04-17,255666,2396,26,16,3,3,3,1,137065,70220,42180,7,24.0,24.0,1.0,65.45,48.0,11.0,120.0,1
2023-W17,2023-04-24,339546,35274,25,10,4,7,2,2,83036,91367,159216,7,120.0,120.0,1.0,54.0,48.0,8.0,24.0,0
2023-W18,2023-05-01,407178,13484,28,11,3,7,4,3,119973,51323,229496,7,24.0,24.0,3.0,85.09,72.0,11.0,32.0,0
2023-W19,2023-05-08,688614,10646,30,16,7,5,0,2,165707,318675,200121,7,32.0,24.0,3.0,63.0,60.0,8.0,24.0,0
2023-W20,2023-05-15,316070,24038,33,14,4,7,3,5,101553,50901,156229,7,24.0,24.0,2.0,62.4,48.0,10.0,24.0,0
2023-W21,2023-05-22,556670,18353,29,14,4,6,1,4,153841,230063,168507,7,24.0,24.0,3.0,62.4,72.0,5.0,34.29,0
2023-W22,2023-05-29,260349,8721,25,15,5,3,1,1,130272,62768,67309,7,34.29,24.0,7.0,60.92,72.0,13.0,24.0,0
2023-W23,2023-06-05,456508,6775,27,14,4,5,3,1,93111,235263,125718,7,24.0,24.0,3.0,58.29,72.0,7.0,45.6,0
2023-W24,2023-06-12,559845,21454,29,14,5,5,2,3,96563,243581,209102,7,45.6,24.0,10.0,80.0,96.0,15.0,54.0,1
2023-W25,2023-06-19,358072,63286,29,11,4,4,5,5,114631,128637,93372,7,54.0,48.0,4.0,61.33,48.0,9.0,36.0,0
2023-W26,2023-06-26,372995,58289,24,12,3,6,1,2,95046,130964,138816,7,36.0,36.0,6.0,98.67,96.0,9.0,29.33,0
2023-W27,2023-07-03,547911,19035,31,15,6,5,1,4,99317,275000,170700,7,29.33,24.0,9.0,86.4,84.0,10.0,28.8,0
2023-W28,2023-07-10,554293,8626,31,14,8,4,3,2,124023,207339,218744,7,28.8,24.0,5.0,68.0,72.0,12.0,24.0,0
2023-W29,2023-07-17,394573,1640,22,10,4,6,0,2,115634,114906,161158,7,24.0,24.0,5.0,68.57,72.0,7.0,24.0,0
2023-W30,2023-07-24,351373,13732,27,13,4,3,4,3,105748,178930,61921,7,24.0,24.0,5.0,68.57,72.0,7.0,36.0,0
2023-W31,2023-07-31,242436,25025,20,10,3,2,2,3,60499,128783,42192,7,36.0,36.0,4.0,64.62,48.0,13.0,53.33,1
2023-W32,2023-08-07,410583,24567,27,13,5,5,1,3,118498,192655,91470,7,53.33,24.0,9.0,83.2,72.0,15.0,37.71,0
2023-W33,2023-08-14,545776,22556,25,13,5,5,0,2,103241,242949,187635,7,37.71,24.0,7.0,84.92,72.0,13.0,41.14,0
2023-W34,2023-08-21,255829,11107,22,11,6,3,1,1,74181,88641,93004,7,41.14,48.0,14.0,78.0,72.0,12.0,58.91,1
2023-W35,2023-08-28,497832,12610,36,14,9,4,5,4,116937,276810,75132,7,58.91,48.0,11.0,96.0,72.0,11.0,36.0,0
2023-W36,2023-09-04,402758,10673,22,9,3,7,1,2,105453,133871,159176,7,36.0,24.0,8.0,96.0,96.0,5.0,36.0,0
2023-W37,2023-09-11,210045,22834,26,13,2,4,3,4,103514,0,97305,7,36.0,24.0,8.0,96.0,96.0,5.0,36.0,0
2023-W38,2023-09-18,424502,4559,27,13,7,5,1,1,101732,160980,161788,7,36.0,24.0,8.0,96.0,96.0,5.0,40.8,0
2023-W39,2023-09-25,314631,20233,26,12,5,3,1,5,121557,128489,61943,7,40.8,24.0,10.0,101.33,96.0,9.0,27.0,0
2023-W40,2023-10-02,659875,12977,32,16,6,5,2,3,179010,253148,218815,7,27.0,24.0,8.0,68.0,72.0,12.0,27.0,0
2023-W41,2023-10-09,464386,58982,30,14,7,2,3,4,110590,276888,70414,7,27.0,24.0,8.0,48.0,48.0,12.0,27.0,0
2023-W42,2023-10-16,277209,4742,22,13,4,3,0,2,129114,54659,91308,7,27.0,24.0,8.0,48.0,48.0,12.0,27.0,0
2023-W43,2023-10-23,453547,18628,25,9,5,6,2,3,88698,124130,235540,7,27.0,24.0,8.0,48.0,48.0,12.0,48.0,0
2023-W44,2023-10-30,676679,7750,25,9,6,5,3,2,111656,346050,213265,7,48.0,48.0,2.0,55.38,48.0,13.0,45.33,0
2023-W45,2023-11-06,310660,44571,31,13,5,6,4,3,93703,88403,119039,7,45.33,24.0,9.0,90.0,84.0,16.0,57.0,1
2023-W46,2023-11-13,590081,42529,34,15,7,5,2,5,113077,274014,193235,7,57.0,48.0,16.0,94.74,72.0,19.0,50.0,0
2023-W47,2023-11-20,316867,28529,28,15,3,3,2,5,129409,81964,92316,7,50.0,48.0,12.0,81.23,72.0,13.0,43.64,0
2023-W48,2023-11-27,479906,52130,32,17,7,5,1,2,144857,215804,117116,7,43.64,48.0,11.0,92.31,96.0,13.0,48.0,0
2023-W49,2023-12-04,453869,22459,28,15,3,6,1,3,188060,103982,155506,7,48.0,48.0,15.0,78.67,84.0,18.0,36.0,0
2023-W50,2023-12-11,481825,11137,30,13,3,6,5,3,104350,231102,136621,7,36.0,24.0,10.0,78.86,72.0,14.0,42.0,0
2023-W51,2023-12-18,490034,64039,31,13,6,7,0,5,147091,179653,155973,7,42.0,48.0,8.0,78.86,96.0,7.0,48.0,0
2023-W52,2023-12-25,430191,23422,29,15,5,6,2,1,77942,238073,110513,7,48.0,24.0,5.0,60.0,48.0,12.0,42.46,0
2024-W01,2024-01-01,484027,4437,23,14,3,6,0,0,175743,99296,208984,7,42.46,24.0,13.0,70.29,72.0,14.0,42.46,0
2024-W02,2024-01-08,449683,13039,33,14,5,6,2,6,182468,111962,134078,7,42.46,24.0,13.0,70.29,72.0,14.0,42.46,0
2024-W03,2024-01-15,290053,41173,26,9,5,2,4,6,54722,177186,50903,7,42.46,24.0,13.0,70.29,72.0,14.0,42.46,0
2024-W04,2024-01-22,599817,24662,29,16,4,5,2,2,196961,230980,170450,7,42.46,24.0,13.0,70.29,72.0,14.0,42.46,0
2024-W05,2024-01-29,297774,8085,23,12,3,2,1,5,116047,120523,54817,7,42.46,24.0,13.0,70.29,72.0,14.0,42.46,0
2024-W06,2024-02-05,410808,42212,34,14,10,3,3,4,83880,281082,42485,7,42.46,24.0,13.0,70.29,72.0,14.0,42.46,0
2024-W07,2024-02-12,281577,13219,27,11,2,2,5,7,127195,117577,2373,7,42.46,24.0,13.0,70.29,72.0,14.0,42.46,0
2024-W08,2024-02-19,496000,49802,29,13,6,4,1,5,75050,291686,114128,7,42.46,24.0,13.0,70.29,72.0,14.0,27.43,0
2024-W09,2024-02-26,392670,26490,24,10,5,5,2,2,59145,95748,233248,7,27.43,24.0,7.0,64.62,48.0,13.0,36.0,0
2024-W10,2024-03-04,512436,31762,32,15,5,6,2,4,154870,155238,196152,7,36.0,24.0,6.0,49.71,48.0,14.0,24.0,0
2024-W11,2024-03-11,399102,10557,25,11,2,5,2,5,83845,114788,187724,7,24.0,24.0,3.0,48.0,48.0,13.0,48.0,0
2024-W12,2024-03-18,617897,36360,30,16,7,3,2,2,197279,302346,113070,7,48.0,24.0,3.0,76.0,72.0,6.0,24.0,0
2024-W13,2024-03-25,496622,39458,35,17,5,7,2,4,152057,134282,204825,7,24.0,24.0,6.0,51.69,48.0,13.0,36.0,0
2024-W14,2024-04-01,253248,7082,19,7,3,3,1,5,87418,114607,46266,7,36.0,24.0,6.0,61.5,72.0,16.0,36.0,0
2024-W15,2024-04-08,516777,16852,29,12,5,6,3,3,130558,174173,204789,7,36.0,24.0,6.0,61.5,72.0,16.0,24.0,0
2024-W16,2024-04-15,439401,20494,23,12,3,5,1,2,121278,164837,151156,7,24.0,24.0,2.0,43.64,48.0,11.0,24.0,0
2024-W17,2024-04-22,453509,4751,21,9,5,4,2,1,114131,177814,157343,7,24.0,24.0,1.0,45.6,48.0,10.0,24.0,0
2024-W18,2024-04-29,412715,9014,21,10,3,3,1,4,81810,184449,141439,7,24.0,24.0,1.0,45.6,48.0,10.0,24.0,0
2024-W19,2024-05-06,390790,13011,24,14,3,3,2,2,144753,144923,93758,7,24.0,24.0,1.0,45.6,48.0,10.0,24.0,0
2024-W20,2024-05-13,444580,18557,26,12,4,5,2,3,73567,140066,225173,7,24.0,24.0,1.0,45.6,48.0,10.0,24.0,0
2024-W21,2024-05-20,427004,17015,33,15,7,7,0,4,113100,144265,168660,7,24.0,24.0,1.0,45.6,48.0,10.0,42.0,0
2024-W22,2024-05-27,478711,10373,28,13,4,6,2,3,189333,112475,171429,7,42.0,24.0,4.0,64.0,60.0,12.0,42.0,0
2024-W23,2024-06-03,684973,11691,29,14,5,6,1,3,127344,289736,260331,7,42.0,24.0,4.0,108.0,108.0,4.0,24.0,0
2024-W24,2024-06-10,433551,17269,29,10,3,9,3,4,111706,25331,292419,7,24.0,24.0,3.0,41.14,48.0,14.0,28.0,0
2024-W25,2024-06-17,739866,10809,32,15,5,8,2,2,107088,359333,266296,7,28.0,24.0,6.0,51.43,48.0,14.0,96.0,1
2024-W26,2024-06-24,393899,129125,29,14,2,8,2,3,127027,37106,219730,7,96.0,96.0,2.0,48.0,36.0,6.0,27.0,0
2024-W27,2024-07-01,275766,10987,27,14,5,3,2,3,154729,101018,8034,7,27.0,24.0,8.0,57.88,48.0,17.0,24.0,0
2024-W28,2024-07-08,527898,23072,32,13,5,6,3,5,99905,239512,178854,7,24.0,24.0,6.0,55.5,48.0,16.0,24.0,0
2024-W29,2024-07-15,398829,23315,31,14,5,5,1,6,109398,125130,154243,7,24.0,24.0,1.0,55.2,60.0,10.0,24.0,0
2024-W30,2024-07-22,460154,19590,28,10,7,4,3,4,95624,283151,69283,7,24.0,24.0,1.0,55.2,60.0,10.0,60.0,1
2024-W31,2024-07-29,501712,29854,28,13,4,7,2,2,139154,118992,236730,7,60.0,48.0,6.0,67.5,72.0,16.0,48.0,0
2024-W32,2024-08-05,471347,55023,27,11,10,1,1,4,66210,401471,0,7,48.0,48.0,9.0,58.0,60.0,12.0,24.0,0
2024-W33,2024-08-12,370548,20387,24,11,3,4,4,2,61761,205007,94790,7,24.0,24.0,1.0,58.0,60.0,12.0,24.0,0
2024-W34,2024-08-19,600048,20409,30,18,3,6,0,3,216501,138808,236585,7,24.0,24.0,1.0,58.0,60.0,12.0,24.0,0
2024-W35,2024-08-26,410034,29777,27,13,7,1,2,4,113466,262497,29887,7,24.0,24.0,1.0,58.0,60.0,12.0,24.0,0
2024-W36,2024-09-02,348566,4607,19,9,1,5,1,3,73196,94533,175393,7,24.0,24.0,1.0,58.0,60.0,12.0,24.0,0
2024-W37,2024-09-09,703037,11006,33,18,8,4,1,2,200803,353644,146458,7,24.0,24.0,1.0,58.0,60.0,12.0,24.0,0
2024-W38,2024-09-16,699146,8658,42,13,7,8,4,10,103212,306220,254372,7,24.0,24.0,1.0,58.0,60.0,12.0,126.0,1
2024-W39,2024-09-23,481439,21075,34,14,5,5,1,9,157920,141392,173994,7,126.0,120.0,8.0,58.0,60.0,12.0,126.0,1
2024-W40,2024-09-30,487734,12491,31,14,6,6,2,3,118316,195963,167860,7,126.0,120.0,8.0,58.0,60.0,12.0,126.0,1
2024-W41,2024-10-07,606959,14700,35,16,6,6,3,4,139132,277456,174790,7,126.0,120.0,8.0,58.0,60.0,12.0,126.0,1
2024-W42,2024-10-14,452197,10133,30,15,3,6,1,5,110916,105515,224924,7,126.0,120.0,8.0,58.0,60.0,12.0,126.0,1
2024-W43,2024-10-21,587208,27321,35,17,5,8,1,4,131709,298348,154075,7,126.0,120.0,8.0,58.0,60.0,12.0,126.0,1
2024-W44,2024-10-28,591458,14139,32,16,8,5,2,1,170020,277217,138491,7,126.0,120.0,8.0,58.0,60.0,12.0,126.0,1
2024-W45,2024-11-04,591446,22455,35,17,6,5,2,5,167378,215917,191687,7,126.0,120.0,8.0,58.0,60.0,12.0,126.0,1
2024-W46,2024-11-11,319033,59929,26,12,5,4,2,3,77116,115265,119077,7,126.0,120.0,8.0,58.0,60.0,12.0,126.0,1
2024-W47,2024-11-18,646935,64388,35,17,7,6,2,3,216426,271557,152210,7,126.0,120.0,8.0,58.0,60.0,12.0,126.0,1
2024-W48,2024-11-25,486430,12511,31,10,4,8,3,6,117103,142472,210198,7,126.0,120.0,8.0,58.0,60.0,12.0,126.0,1
2024-W49,2024-12-02,618413,34555,33,16,8,4,1,4,147706,332917,121710,7,126.0,120.0,8.0,58.0,60.0,12.0,126.0,1
2024-W50,2024-12-09,443569,68502,31,15,6,3,2,5,144634,172148,107706,7,126.0,120.0,8.0,58.0,60.0,12.0,126.0,1
2024-W51,2024-12-16,479366,7334,30,11,6,4,5,4,103465,212909,155239,7,126.0,120.0,8.0,58.0,60.0,12.0,126.0,1
2024-W52,2024-12-23,355815,6431,25,10,5,6,1,3,106754,107394,134850,7,126.0,120.0,8.0,58.0,60.0,12.0,10.0,0
2025-W01,2024-12-30,376129,39264,36,18,6,6,2,4,170907,53919,143950,7,10.0,10.0,1.0,58.0,60.0,12.0,9.0,0
2025-W02,2025-01-06,606160,12698,34,15,6,7,2,4,133388,278712,186775,7,9.0,9.0,1.0,58.0,60.0,12.0,9.0,0
2025-W03,2025-01-13,540182,17655,31,13,4,3,4,7,158749,265709,106253,7,9.0,9.0,1.0,58.0,60.0,12.0,9.0,0
2025-W04,2025-01-20,425497,28782,29,11,6,5,1,6,108298,260788,43196,7,9.0,9.0,1.0,58.0,60.0,12.0,9.0,0
2025-W05,2025-01-27,457597,19473,26,11,7,4,2,2,98329,218266,126115,7,9.0,9.0,1.0,58.0,60.0,12.0,9.0,0
2025-W06,2025-02-03,662129,13576,31,14,5,8,1,3,98174,214816,344882,7,9.0,9.0,1.0,58.0,60.0,12.0,9.0,0
2025-W07,2025-02-10,396337,9876,28,13,5,4,3,3,99080,173688,117653,7,9.0,9.0,1.0,58.0,60.0,12.0,9.0,0
2025-W08,2025-02-17,561160,12084,38,14,5,8,3,8,151565,154148,240826,7,9.0,9.0,1.0,58.0,60.0,12.0,96.0,1
2025-W09,2025-02-24,636835,6190,32,8,8,9,1,6,97393,197147,318812,7,96.0,96.0,2.0,143.67,144.0,6.0,96.0,1
2025-W10,2025-03-03,324419,19099,29,11,5,6,3,4,100390,57809,160572,7,96.0,96.0,2.0,143.67,144.0,6.0,30.31,0
2025-W11,2025-03-10,514193,8019,27,11,7,4,2,3,134399,238822,136713,7,30.31,24.0,16.0,98.17,104.0,12.0,29.75,0
2025-W12,2025-03-17,174044,66456,25,12,4,4,3,2,88836,7823,72103,7,29.75,33.0,8.0,57.0,42.0,3.0,29.75,0
2025-W13,2025-03-24,659457,11187,33,12,9,5,2,5,110667,337957,204774,7,29.75,33.0,8.0,57.0,42.0,3.0,29.75,0
2025-W14,2025-03-31,573434,21172,32,12,8,6,4,2,91429,288449,190481,7,29.75,33.0,8.0,57.0,42.0,3.0,29.75,0
2025-W15,2025-04-07,249689,18419,22,12,3,4,0,3,77733,26771,140332,7,29.75,33.0,8.0,57.0,42.0,3.0,57.6,1
2025-W16,2025-04-14,503202,17457,35,13,5,7,5,5,150727,186108,158307,7,57.6,48.0,5.0,82.29,96.0,7.0,24.0,0
2025-W17,2025-04-21,409765,14559,32,18,6,3,1,4,190435,114129,94365,7,24.0,24.0,2.0,72.0,72.0,2.0,36.0,0
2025-W18,2025-04-28,780373,12753,29,10,6,7,2,4,121850,365812,285808,7,36.0,36.0,4.0,65.67,72.0,9.0,143.5,1
2025-W19,2025-05-05,526402,50307,33,12,8,6,3,4,107821,293354,117561,7,143.5,143.5,2.0,65.67,72.0,9.0,4.0,0
2025-W20,2025-05-12,258301,24904,23,12,4,2,3,2,128568,92923,31283,7,4.0,4.0,1.0,65.67,72.0,9.0,4.0,0
2025-W21,2025-05-19,504061,19770,31,14,6,4,3,4,170779,185660,138999,7,4.0,4.0,1.0,65.67,72.0,9.0,4.0,0
2025-W22,2025-05-26,546826,14592,24,10,2,9,1,2,98640,101637,338715,7,4.0,4.0,1.0,65.67,72.0,9.0,24.0,0
2025-W23,2025-06-02,619031,18975,31,11,5,7,1,7,110326,260419,231347,7,24.0,24.0,2.0,72.0,72.0,6.0,24.0,0
2025-W24,2025-06-09,423792,18022,33,15,4,6,4,4,177151,103319,140167,7,24.0,24.0,2.0,72.0,72.0,6.0,24.0,0
2025-W25,2025-06-16,472160,15262,33,12,8,6,2,5,135868,127904,189994,7,24.0,24.0,2.0,72.0,72.0,6.0,24.0,0
2025-W26,2025-06-23,576682,15147,36,13,8,6,4,5,105122,239125,220347,7,24.0,24.0,2.0,72.0,72.0,6.0,152.0,1
2025-W27,2025-06-30,770567,25420,40,12,9,11,3,5,131221,342462,289052,7,152.0,152.0,1.0,72.0,72.0,6.0,86.0,1
2025-W28,2025-07-07,627080,14223,35,14,7,6,1,7,130145,255616,238525,7,86.0,67.0,7.0,137.0,154.5,4.0,62.5,1
2025-W29,2025-07-14,492561,14799,32,13,5,7,3,4,123474,210593,149898,7,62.5,66.5,8.0,121.5,111.5,4.0,62.5,1
2025-W30,2025-07-21,711416,24900,33,15,10,4,1,3,174692,376499,155965,7,62.5,66.5,8.0,121.5,111.5,4.0,62.5,1
2025-W31,2025-07-28,410083,4973,27,13,2,7,2,3,138541,47145,222836,7,62.5,66.5,8.0,121.5,111.5,4.0,148.0,1
2025-W32,2025-08-04,547784,12535,30,12,9,2,3,4,115200,366329,56665,7,148.0,148.0,2.0,123.0,123.0,1.0,92.43,1
2025-W33,2025-08-11,561598,30236,31,14,5,6,1,5,115814,212140,223268,7,92.43,129.0,7.0,101.5,101.5,2.0,64.85,1
2025-W34,2025-08-18,482049,14296,30,11,5,4,5,5,93670,182703,198002,7,64.85,59.0,13.0,128.17,127.0,6.0,58.5,1
2025-W35,2025-08-25,703495,2932,28,10,4,11,1,2,89333,272315,338016,7,58.5,58.5,2.0,128.17,127.0,6.0,58.5,1
2025-W36,2025-09-01,527881,10610,34,12,6,7,4,5,135145,200655,183565,7,58.5,58.5,2.0,128.17,127.0,6.0,58.5,1
2025-W37,2025-09-08,604350,28700,33,13,7,6,3,4,116515,359824,116412,7,58.5,58.5,2.0,128.17,127.0,6.0,58.5,1
2025-W38,2025-09-15,666225,5171,38,18,5,8,2,5,183254,171561,304451,7,58.5,58.5,2.0,128.17,127.0,6.0,58.5,1
2025-W39,2025-09-22,428024,12685,32,8,6,5,2,11,73576,145563,179145,7,58.5,58.5,2.0,128.17,127.0,6.0,58.5,1
2025-W40,2025-09-29,550943,15438,39,15,6,8,5,5,120166,185668,237287,7,58.5,58.5,2.0,128.17,127.0,6.0,58.5,1
2025-W41,2025-10-06,752476,39193,34,15,8,4,3,4,188374,436630,120919,7,58.5,58.5,2.0,128.17,127.0,6.0,58.5,1
2025-W42,2025-10-13,547914,14624,33,13,5,7,3,5,135564,126331,271324,7,58.5,58.5,2.0,128.17,127.0,6.0,142.0,1
2025-W43,2025-10-20,646377,12084,29,9,5,11,2,2,80837,201800,361609,7,142.0,142.0,1.0,128.17,127.0,6.0,67.4,1
2025-W44,2025-10-27,487002,24444,29,12,5,7,2,3,94845,205432,180727,7,67.4,48.0,5.0,75.31,60.0,16.0,68.0,1
2025-W45,2025-11-03,516637,117905,34,12,7,5,4,6,139585,125427,213353,7,68.0,61.0,4.0,115.33,106.0,3.0,65.09,1
2025-W46,2025-11-10,587127,11390,34,10,6,5,5,8,88198,294124,156378,7,65.09,59.0,11.0,105.0,108.0,9.0,77.67,1
2025-W47,2025-11-17,522026,7994,29,14,4,8,0,3,154199,207309,152980,7,77.67,86.0,9.0,106.2,106.0,5.0,42.5,0
2025-W48,2025-11-24,500713,4788,28,13,5,5,1,4,115609,186757,191307,7,42.5,40.5,4.0,106.33,106.0,3.0,42.5,0
2025-W49,2025-12-01,698568,10920,42,12,10,6,7,7,168979,289297,227678,7,42.5,40.5,4.0,106.33,106.0,3.0,88.88,1
2025-W50,2025-12-08,588424,18188,38,16,8,7,3,4,147240,211209,222561,7,88.88,108.0,8.0,121.2,101.0,5.0,43.0,0
2025-W51,2025-12-15,691404,5852,36,16,5,7,3,5,161057,288142,228413,7,43.0,14.5,6.0,106.6,91.0,5.0,61.14,1
2025-W52,2025-12-22,657115,12931,29,11,6,7,3,2,132415,319892,201199,7,61.14,60.0,7.0,136.5,136.5,2.0,24.0,0
2026-W01,2025-12-29,553502,15362,34,16,4,7,3,4,140872,145680,259463,7,24.0,24.0,1.0,96.0,96.0,2.0,48.0,0
2026-W02,2026-01-05,547089,3087,35,12,4,5,5,9,174402,188777,152235,7,48.0,48.0,2.0,78.0,72.0,4.0,64.33,1
2026-W03,2026-01-12,508424,7153,26,13,5,7,0,1,123086,120157,263049,7,64.33,78.0,9.0,119.56,111.0,9.0,70.29,1
2026-W04,2026-01-19,465733,8723,36,13,5,8,2,8,108435,125533,220703,7,70.29,85.0,7.0,127.0,135.0,3.0,89.67,1
2026-W05,2026-01-26,715681,22248,37,13,7,8,3,6,117912,347970,229108,7,89.67,77.5,6.0,125.5,125.5,2.0,69.67,1
2026-W06,2026-02-02,555130,7273,32,14,6,5,2,5,153246,210824,186799,7,69.67,56.5,6.0,133.25,136.0,4.0,73.5,1
2026-W07,2026-02-09,452823,4804,33,12,3,7,3,8,124191,72445,247381,7,73.5,71.5,4.0,128.33,135.0,3.0,60.5,1
2026-W08,2026-02-16,717932,5124,30,10,8,7,1,4,134221,376659,192336,7,60.5,48.0,4.0,118.0,118.0,2.0,88.78,1
2026-W09,2026-02-23,340903,7200,27,11,2,6,2,6,120556,54482,154963,7,88.78,91.0,9.0,142.33,143.0,3.0,88.0,1
2026-W10,2026-03-02,802020,7063,39,13,8,8,5,5,160630,339445,287849,7,88.0,91.0,8.0,124.8,134.0,5.0,99.63,1
2026-W11,2026-03-09,583946,14828,37,11,7,7,2,10,110166,188395,269174,7,99.63,116.0,8.0,122.25,128.5,4.0,70.67,1
2026-W12,2026-03-16,678939,11652,37,13,8,8,3,5,95573,271596,299517,7,70.67,39.0,3.0,108.0,108.0,1.0,70.67,1
2026-W13,2026-03-23,492637,16115,31,11,4,6,4,6,124502,99423,258168,7,70.67,39.0,3.0,108.0,108.0,1.0,70.67,1
